商品名,品番CD,カラーNO,カラー名,サイズ数計,金額,革の種類
WHC 10000,30010005,1,MIX,0,,その他
WHC 5000,30010006,1,MIX,0,,その他
WHC 3000,30010007,1,MIX,0,,その他
WHC 2000,30010008,1,MIX,0,,その他
WHC 1000,30010009,1,MIX,0,,その他
P1280 BRI PLAIT KEY FOB,30110001,5,GRN,0,11000.0,PLAI
S5571 BRI CARD NC,30110041,5,GRN,1,26000.0,BRI
S5938 BRI COIN PURSE,30110059,1,NEW,6,18000.0,BRI
S5938 BRI COIN PURSE,30110059,2,HAV,10,18000.0,BRI
S5938 BRI COIN PURSE,30110059,3,BLK,0,18000.0,BRI
S5938 BRI COIN PURSE,30110059,4,RED,5,18000.0,BRI
S5938 BRI COIN PURSE,30110059,5,GRN,9,18000.0,BRI
S5938 BRI COIN PURSE,30110059,6,NVY,10,18000.0,BRI
S0668 BRI KEY FOB,30110062,1,NEW,14,3500.0,BRI
S0668 BRI KEY FOB,30110062,2,HAV,15,3500.0,BRI
S0668 BRI KEY FOB,30110062,3,BLK,6,3500.0,BRI
S0668 BRI KEY FOB,30110062,4,RED,11,3500.0,BRI
S0668 BRI KEY FOB,30110062,5,GRN,4,3500.0,BRI
S0668 BRI KEY FOB,30110062,6,NVY,2,3500.0,BRI
S7412 BRI NAME CARD,30110080,1,NEW,11,19000.0,BRI
S7412 BRI NAME CARD,30110080,2,HAV,0,19000.0,BRI
S7412 BRI NAME CARD,30110080,3,BLK,0,19000.0,BRI
S7412 BRI NAME CARD,30110080,4,RED,4,19000.0,BRI
S7412 BRI NAME CARD,30110080,5,GRN,0,19000.0,BRI
S7412 BRI NAME CARD,30110080,6,NVY,0,19000.0,BRI
S7532 BRI NC/COIN,30110085,1,NEW,9,42000.0,BRI
S7532 BRI NC/COIN,30110085,2,HAV,1,42000.0,BRI
S7532 BRI NC/COIN,30110085,3,BLK,43,42000.0,BRI
S7532 BRI NC/COIN,30110085,4,RED,0,42000.0,BRI
S7532 BRI NC/COIN,30110085,5,GRN,1,42000.0,BRI
S7532 BRI NC/COIN,30110085,6,NVY,9,42000.0,BRI
S7660 BRI 3F PURSE,30110096,1,NEW,0,46000.0,BRI
S7660 BRI 3F PURSE,30110096,2,HAV,0,46000.0,BRI
S7660 BRI 3F PURSE,30110096,3,BLK,0,46000.0,BRI
S7660 BRI 3F PURSE,30110096,4,RED,6,46000.0,BRI
S7660 BRI 3F PURSE,30110096,5,GRN,0,46000.0,BRI
S7660 BRI 3F PURSE,30110096,6,NVY,0,46000.0,BRI
S8490 BRI SHOE LIFT,30110122,1,NEW,12,9000.0,BRI
S8490 BRI SHOE LIFT,30110122,2,HAV,29,9000.0,BRI
S8490 BRI SHOE LIFT,30110122,3,BLK,0,9000.0,BRI
S8490 BRI SHOE LIFT,30110122,4,RED,8,9000.0,BRI
S8490 BRI SHOE LIFT,30110122,5,GRN,0,9000.0,BRI
S8490 BRI SHOE LIFT,30110122,6,NVY,15,9000.0,BRI
S8559 BRI SPECTACLE,30110126,1,NEW,0,19000.0,BRI
S8559 BRI SPECTACLE,30110126,2,HAV,0,19000.0,BRI
S8559 BRI SPECTACLE,30110126,3,BLK,0,19000.0,BRI
S8559 BRI SPECTACLE,30110126,4,RED,0,19000.0,BRI
S8559 BRI SPECTACLE,30110126,5,GRN,0,19000.0,BRI
S8559 BRI SPECTACLE,30110126,6,NVY,0,19000.0,BRI
S7532 BRI NC/COIN,30110218,1,ANT,3,42000.0,BRI
S7660 BRI 3F PURSE,30110219,1,ANT,0,46000.0,BRI
S7412 BRI NAME CARD,30110220,1,ANT,0,19000.0,BRI
S0668 BRI KEY FOB,30110237,1,ANT,1,3500.0,BRI
S7532 BRI SALE,30110265,1,NEW,22,42000.0,BRI
S7532 BRI SALE,30110265,2,HAV,53,42000.0,BRI
S7532 BRI SALE,30110265,4,RED,11,42000.0,BRI
S7532 BRI SALE,30110265,5,GRN,16,42000.0,BRI
S7532 BRI SALE,30110265,6,NVY,23,42000.0,BRI
S7660 BR2 UA,30110406,9,NV/YE *,0,46000.0,BR2
S3068 BR2 SALE,30110412,1,BK/NE,0,22000.0,BR2
S9905 BRI TRAIN PASSCASE,30110419,1,NEW,5,14000.0,BRI
S9905 BRI TRAIN PASSCASE,30110419,2,HAV,3,14000.0,BRI
S9905 BRI TRAIN PASSCASE,30110419,3,BLK,0,14000.0,BRI
S9905 BRI TRAIN PASSCASE,30110419,4,RED,6,14000.0,BRI
S9905 BRI TRAIN PASSCASE,30110419,5,GRN,4,14000.0,BRI
S9905 BRI TRAIN PASSCASE,30110419,6,NVY,0,14000.0,BRI
S7532 BR2 NC/COIN  FRAME,30110422,4,NV/YE *,0,42000.0,BR2
S9829 SAFARI COIN WALLET FR,30110458,1,BRN,0,17000.0,SAFARI
S1009 BRI QUOVADIS COVER,30110461,4,RED,0,42000.0,BRI
S1010 BRI QUOVADIS COVER,30110462,4,RED,0,28000.0,BRI
S1023 BRI PENCASE,30110463,1,NEW,0,18000.0,BRI
S1023 BRI PENCASE,30110463,2,HAV,0,18000.0,BRI
S1023 BRI PENCASE,30110463,3,BLK,0,18000.0,BRI
S1023 BRI PENCASE,30110463,4,RED,4,18000.0,BRI
S1023 BRI PENCASE,30110463,5,GRN,0,18000.0,BRI
S1023 BRI PENCASE,30110463,6,NVY,0,18000.0,BRI
S2622 BR2 FR SALE,30110474,1,MA/LG,0,58000.0,BR2
S1071 BRI RHODIA #13 COVER,30110483,1,NEW,0,28000.0,BRI
S1071 BRI RHODIA #13 COVER,30110483,2,HAV,0,28000.0,BRI
S1071 BRI RHODIA #13 COVER,30110483,3,BLK,0,28000.0,BRI
S1071 BRI RHODIA #13 COVER,30110483,4,RED,1,28000.0,BRI
S1071 BRI RHODIA #13 COVER,30110483,5,GRN,0,28000.0,BRI
S1071 BRI RHODIA #13 COVER,30110483,6,NVY,0,28000.0,BRI
S1070 BR2 RHODIA #11 COVER,30110496,1,BK/RE,7,18000.0,BR2
S1071 BR2 RHODIA #13 COVER,30110497,1,BK/RE,0,28000.0,BR2
S7532 DERBY COLLECTION,30110501,5,BK/TA 2012,0,41000.0,DERBY
S7532 DERBY COLLECTION,30110501,6,BR/TA 2012,0,41000.0,DERBY
S7532 DERBY COLLECTION,30110501,8,NA/TA,0,41000.0,DERBY
S7532 DERBY COLLECTION,30110501,9,NV/RE ,8,41000.0,DERBY
S7660 DERBY COLLECTION,30110502,5,BK/TA 2012,0,45000.0,DERBY
S7660 DERBY COLLECTION,30110502,6,BR/TA 2012,1,45000.0,DERBY
S7660 DERBY COLLECTION,30110502,8,NA/TA,0,45000.0,DERBY
S7660 DERBY COLLECTION,30110502,9,NV/RE ,0,45000.0,DERBY
S7412 DERBY COLLECTION,30110503,5,BK/TA 2012,0,18000.0,DERBY
S7412 DERBY COLLECTION,30110503,6,BR/TA 2012,0,18000.0,DERBY
S7412 DERBY COLLECTION,30110503,8,NA/TA,0,18000.0,DERBY
S7412 DERBY COLLECTION,30110503,9,NA/RE,0,18000.0,DERBY
S9692 DERBY COLLECTION,30110504,5,BK/TA 2012,6,19000.0,DERBY
S9692 DERBY COLLECTION,30110504,6,BR/TA 2012,11,19000.0,DERBY
S9692 DERBY COLLECTION,30110504,8,NA/TA,9,19000.0,DERBY
S9692 DERBY COLLECTION,30110504,9,NV/RE,7,19000.0,DERBY
S7660 VIN BR2 3F WALLET,30110517,1,CO/NT,0,52000.0,VIN BR
S7660 VIN BR2 3F WALLET,30110517,2,NV/NT,0,52000.0,VIN BR
S7660 VIN BR2 3F WALLET,30110517,3,NATURAL,1,52000.0,VIN BR
S7660 VIN BR2 3F WALLET,30110517,6,OL/NT,0,52000.0,VIN BR
S7532 VIN BR2 NC/COIN,30110525,1,CO/NT,3,48000.0,VIN BR
S7532 VIN BR2 NC/COIN,30110525,2,NV/NT,0,48000.0,VIN BR
S7532 VIN BR2 NC/COIN,30110525,5,NATURAL,0,48000.0,VIN BR
S7532 VIN BR2 NC/COIN,30110525,6,OL/NT,0,48000.0,VIN BR
S7532 VIN BR2 NC/COIN,30110525,8,NV/CO UA.G10thAnniv,1,48000.0,VIN BR
S2622 VIN BR2 ZIP ROUND WALLET,30110526,2,NATURAL,0,64000.0,VIN BR
S2622 VIN BR2 ZIP ROUND WALLET,30110526,3,CO/NT,0,64000.0,VIN BR
S2622 VIN BR2 ZIP ROUND WALLET,30110526,4,NV/NT,0,64000.0,VIN BR
S2622 VIN BR2 ZIP ROUND WALLET,30110526,6,OL/NT,0,64000.0,VIN BR
S8819 VIN BR2 LONG WALLET,30110527,2,NATURAL,0,56000.0,LON
S8819 VIN BR2 LONG WALLET,30110527,3,CO/NT,0,56000.0,LON
S8819 VIN BR2 LONG WALLET,30110527,4,NV/NT,0,56000.0,LON
S0668 DERBY COLLECTION,30110547,1,BK/TA 2012,0,3500.0,DERBY
S0668 DERBY COLLECTION,30110547,2,BR/TA 2012,0,3500.0,DERBY
S0668 DERBY COLLECTION,30110547,4,NA/TA,0,3500.0,DERBY
S0668 DERBY COLLECTION,30110547,5,NV/RE,0,3500.0,DERBY
S9905 DERBY COLLECTION,30110548,1,BK/TA 2012,0,13000.0,DERBY
S9905 DERBY COLLECTION,30110548,2,BR/TA 2012,0,13000.0,DERBY
S9905 DERBY COLLECTION,30110548,4,NA/TA,0,13000.0,DERBY
S9905 DERBY COLLECTION,30110548,5,NV/RE,0,13000.0,DERBY
S1760 DERBY COLLECTION,30110549,1,BK/TA  2012,0,44000.0,DERBY
S1760 DERBY COLLECTION,30110549,2,BR/TA  2012,8,44000.0,DERBY
S1760 DERBY COLLECTION,30110549,4,NA/TA,0,44000.0,DERBY
S1760 DERBY COLLECTION,30110549,5,NV/RE,2,44000.0,DERBY
S2622 BRI ZIP ROUND LONG WALLE,30110553,1,NEW,5,58000.0,LON
S2622 BRI ZIP ROUND LONG WALLE,30110553,2,HAV,5,58000.0,LON
S2622 BRI ZIP ROUND LONG WALLE,30110553,3,BLK,20,58000.0,LON
S2622 BRI ZIP ROUND LONG WALLE,30110553,4,RED,0,58000.0,LON
S2622 BRI ZIP ROUND LONG WALLE,30110553,5,GRN,2,58000.0,LON
S2622 BRI ZIP ROUND LONG WALLE,30110553,6,NVY,0,58000.0,LON
S2622 BRI ZIP ROUND LONG WALLE,30110553,7,ANT,2,58000.0,LON
S8819 DERBY COLLECTION ,30110572,1,BK/TA,3,48000.0,DERBY
S8819 DERBY COLLECTION ,30110572,2,BR/TA,6,48000.0,DERBY
S8819 DERBY COLLECTION ,30110572,3,NV/TA,9,48000.0,DERBY
S8819 DERBY COLLECTION ,30110572,4,NV/RE,7,48000.0,DERBY
S2624 BR2 ZIP ROUND KEY CASE,30110621,6,BK/MA,1,24000.0,BR2
S9692 VIN BR2 KEY CASE ,30110624,1,CO/NT,7,24000.0,VIN BR
S9692 VIN BR2 KEY CASE ,30110624,2,NV/NT,17,24000.0,VIN BR
S9692 VIN BR2 KEY CASE ,30110624,3,NATURAL,16,24000.0,VIN BR
S9692 VIN BR2 KEY CASE ,30110624,4,OL/NT,14,24000.0,VIN BR
S9692 VIN BR2 KEY CASE ,30110624,6,MA/NT,0,24000.0,VIN BR
S1774 VIN BR2 ZIP COIN WALLET ,30110630,1,NV/NT,0,59000.0,VIN BR
S1774 VIN BR2 ZIP COIN WALLET ,30110630,2,CO/NT,0,59000.0,VIN BR
S1774 VIN BR2 ZIP COIN WALLET ,30110630,4,OL/NT,0,59000.0,VIN BR
S1751 VIN BR2 NAME CARD CASE,30110641,1,NV/NT,0,26000.0,VIN BR
S1751 VIN BR2 NAME CARD CASE,30110641,2,CO/NT,0,26000.0,VIN BR
S1751 VIN BR2 NAME CARD CASE,30110641,3,OL/NT,0,26000.0,VIN BR
S1751 VIN BR2 NAME CARD CASE,30110641,4,NATURAL,0,26000.0,VIN BR
S9084 VIN BR2 COIN PURSE,30110677,1,CO/NT,7,22000.0,VIN BR
S9084 VIN BR2 COIN PURSE,30110677,2,NV/NT,24,22000.0,VIN BR
S9084 VIN BR2 COIN PURSE,30110677,3,BK/NT,0,22000.0,VIN BR
S9084 VIN BR2 COIN PURSE,30110677,6,NATURAL,2,22000.0,VIN BR
S1751 BRI NC/CASE w/gusset,30110678,1,BLK,0,22000.0,BRI
S1751 BRI NC/CASE w/gusset,30110678,2,NVY,0,22000.0,BRI
S1751 BRI NC/CASE w/gusset,30110678,3,NEW,6,22000.0,BRI
S1751 BRI NC/CASE w/gusset,30110678,4,HAV,0,22000.0,BRI
S1751 BRI NC/CASE w/gusset,30110678,5,RED,6,22000.0,BRI
S1751 BRI NC/CASE w/gusset,30110678,6,GRN,0,22000.0,BRI
S1751 BRI NC/CASE w/gusset,30110678,7,ANT,6,22000.0,BRI
S0668 OXFORD BRI FRAME ,30110689,1,BRN,177,2000.0,OXFORD
S8772 BRI CARD NOTE CASE,30110696,1,NEW,2,34000.0,BRI
S8772 BRI CARD NOTE CASE,30110696,2,HAV,2,34000.0,BRI
S8772 BRI CARD NOTE CASE,30110696,3,BLK,0,34000.0,BRI
S8772 BRI CARD NOTE CASE,30110696,4,RED,5,34000.0,BRI
S8772 BRI CARD NOTE CASE,30110696,5,GRN,2,34000.0,BRI
S8772 BRI CARD NOTE CASE,30110696,6,NVY,0,34000.0,BRI
S9697L BRI SUITWALLET w/ C.CAS,30110710,1,NEW,0,52000.0,BRI
S9697L BRI SUITWALLET w/ C.CAS,30110710,2,HAV,4,52000.0,BRI
S9697L BRI SUITWALLET w/ C.CAS,30110710,3,BLK,21,52000.0,BRI
S9697L BRI SUITWALLET w/ C.CAS,30110710,4,RED,0,52000.0,BRI
S9697L BRI SUITWALLET w/ C.CAS,30110710,5,GRN,4,52000.0,BRI
S9697L BRI SUITWALLET w/ C.CAS,30110710,6,NVY,0,52000.0,BRI
S9697L BRI SUITWALLET w/ C.CAS,30110710,7,ANT,0,52000.0,BRI
S9692 LON/BRI FRAME,30110714,5,BK/BK,0,22000.0,LON/BRI
S9692 LON/BRI FRAME,30110714,7,BK/MI,0,22000.0,LON/BRI
S9692 LON/BRI FRAME,30110714,9,TA/TA,0,22000.0,LON/BRI
S1881 BRI ZIP KEY CASE FR,30110715,3,BLK,0,13000.0,BRI
S9697L BR2 SUITWALLET FRAME,30110724,6,NV/BU,0,52000.0,BR2
S8754 REGENT BR2,30110732,1,HA/HA,4,38000.0,REGENT
S8754 REGENT BR2,30110732,2,BK/BK,0,38000.0,REGENT
S8754 REGENT BR2,30110732,3,NV/NV,0,38000.0,REGENT
S9562 REGENT BR2,30110733,1,HA/HA,0,15000.0,REGENT
S9562 REGENT BR2,30110733,2,BK/BK,1,15000.0,REGENT
S9562 REGENT BR2,30110733,3,NV/NV,0,15000.0,REGENT
S9562 REGENT BR2,30110733,4,HAV/LINED HAV,0,15000.0,REGENT
S9562 REGENT BR2,30110733,5,BLK/LINED BLK,-1,15000.0,REGENT
S2380 VIN BR2 C/C GUSSETED,30110737,3,NAT,0,28000.0,VIN BR
S9697L LON/BRI GR STOCK,30110739,1,NV/RE,9,54000.0,LON/BRI
S9697L LON/BRI GR STOCK,30110739,2,BR/NV,6,54000.0,LON/BRI
S9697L LON/BRI GR STOCK,30110739,3,TA/HA,2,54000.0,LON/BRI
S9697L LON/BRI GR STOCK,30110739,4,BK/ES,0,54000.0,LON/BRI
S1941 BRI SML ZIP PASSCASE,30110742,1,NEW,6,22000.0,BRI
S1941 BRI SML ZIP PASSCASE,30110742,2,HAV,8,22000.0,BRI
S1941 BRI SML ZIP PASSCASE,30110742,3,BLK,13,22000.0,BRI
S1941 BRI SML ZIP PASSCASE,30110742,4,RED,4,22000.0,BRI
S1941 BRI SML ZIP PASSCASE,30110742,5,GRN,0,22000.0,BRI
S1941 BRI SML ZIP PASSCASE,30110742,6,NVY,11,22000.0,BRI
S1941 VIN BR2 MINI ZIP PURSE,30110745,1,NATURAL,0,26000.0,VIN BR
S1941 VIN BR2 MINI ZIP PURSE,30110745,2,NV/NT,136,26000.0,VIN BR
S1941 VIN BR2 MINI ZIP PURSE,30110745,3,CO/NT,19,26000.0,VIN BR
S1941 VIN BR2 MINI ZIP PURSE,30110745,5,OL/NT,0,26000.0,VIN BR
S2622 BR2 2018HL,30110747,3,PU/NE,0,49000.0,BR2
S1941 LON/BRI GR STOCK,30110754,1,NV/RE,3,24000.0,LON/BRI
S1941 LON/BRI GR STOCK,30110754,2,BR/NV,9,24000.0,LON/BRI
S1941 LON/BRI GR STOCK,30110754,3,TA/HA,3,24000.0,LON/BRI
S1941 LON/BRI GR STOCK,30110754,4,BK/ES,3,24000.0,LON/BRI
S9829 LON/BRI GR STOCK,30110755,1,NV/RE,1,22000.0,LON/BRI
S9829 LON/BRI GR STOCK,30110755,2,BR/NV,7,22000.0,LON/BRI
S9829 LON/BRI GR STOCK,30110755,3,TA/HA,5,22000.0,LON/BRI
S9829 LON/BRI GR STOCK,30110755,4,BK/ES,3,22000.0,LON/BRI
S1975 VIN BR2 FRAME,30110757,1,NATURAL,0,42000.0,VIN BR
S1975 VIN BR2 FRAME,30110757,2,NV/NT,0,42000.0,VIN BR
S1975 VIN BR2 FRAME,30110757,3,CO/NT,0,42000.0,VIN BR
S1975 VIN BR2 FRAME,30110757,4,OL/NT,0,42000.0,VIN BR
S1975 VIN BR2 FRAME,30110757,5,BK/NT,0,42000.0,VIN BR
S1975 VIN BR2 FRAME,30110757,6,MA/NT,0,42000.0,VIN BR
S3057 BRI MICRO 3F WALLET ,30110758,1,NEW,0,32000.0,BRI
S3057 BRI MICRO 3F WALLET ,30110758,2,HAV,0,32000.0,BRI
S3057 BRI MICRO 3F WALLET ,30110758,4,RED,0,32000.0,BRI
S3057 BRI MICRO 3F WALLET ,30110758,5,GRN,0,32000.0,BRI
S3057 BRI MICRO 3F WALLET ,30110758,6,NVY,0,32000.0,BRI
S1975 BRI COMPACT WALLET,30110759,1,NEW,8,36000.0,BRI
S1975 BRI COMPACT WALLET,30110759,2,HAV,0,36000.0,BRI
S1975 BRI COMPACT WALLET,30110759,3,BLK,0,36000.0,BRI
S1975 BRI COMPACT WALLET,30110759,4,RED,5,36000.0,BRI
S1975 BRI COMPACT WALLET,30110759,5,GRN,0,36000.0,BRI
S1975 BRI COMPACT WALLET,30110759,6,NVY,0,36000.0,BRI
S3068 BRI ZIP CARD CASE,30110761,1,NEW,7,22000.0,BRI
S3068 BRI ZIP CARD CASE,30110761,2,HAV,5,22000.0,BRI
S3068 BRI ZIP CARD CASE,30110761,3,BLK,0,22000.0,BRI
S3068 BRI ZIP CARD CASE,30110761,4,RED,6,22000.0,BRI
S3068 BRI ZIP CARD CASE,30110761,5,GRN,0,22000.0,BRI
S3068 BRI ZIP CARD CASE,30110761,6,NVY,0,22000.0,BRI
S3068 VIN BR2 ZIP ROUND W/CC F,30110764,1,NATURAL,0,26000.0,VIN BR
S3068 VIN BR2 ZIP ROUND W/CC F,30110764,2,NV/NT,7,26000.0,VIN BR
S3068 VIN BR2 ZIP ROUND W/CC F,30110764,3,OL/NT,2,26000.0,VIN BR
S3068 VIN BR2 ZIP ROUND W/CC F,30110764,4,CO/NT,39,26000.0,VIN BR
S3068 VIN BR2 ZIP ROUND W/CC F,30110764,5,MA/NT,0,26000.0,VIN BR
S0668 BR2 2019HL,30110769,2,ES/YE,0,3500.0,BR2
S1975 BR2 FRAME,30110770,1,NV/YE,0,36000.0,BR2
S1975 BR2 FRAME,30110770,3,BK/NE,0,36000.0,BR2
S1975 BR2 FRAME,30110770,4,MA/GY,0,36000.0,BR2
S3068 REGENT BR ZIP C/C FRAME,30110774,2,BLK,1,20000.0,REGENT
S9829 BRITISH COUNTRY LEATHER,30110776,1,TAN,0,20000.0,BRITISH COUNTRY
S9829 BRITISH COUNTRY LEATHER,30110776,2,BLK,0,20000.0,BRITISH COUNTRY
S1931 BRITISH COUNTRY LEATHER,30110777,1,TAN,0,19000.0,BRITISH COUNTRY
S1931 BRITISH COUNTRY LEATHER,30110777,2,BLK,0,19000.0,BRITISH COUNTRY
S2622 LON/BRI FRAME,30110778,1,BK/BK,44,60000.0,LON/BRI
S7412 LON/BRI FRAME,30110779,1,BK/BK,0,22000.0,LON/BRI
S7412 LON/BRI FRAME,30110779,6,BK/MI,0,22000.0,LON/BRI
S7412 LON/BRI FRAME,30110779,7,BK/BU,0,22000.0,LON/BRI
S7412 LON/BRI FRAME,30110779,8,TA/TA,0,22000.0,LON/BRI
S7660 LON/BRI FRAME,30110782,1,BK/BK,0,49000.0,LON/BRI
S7660 LON/BRI FRAME,30110782,3,TA/TA,0,49000.0,LON/BRI
S3068 LON/BRI FRAME,30110783,1,BK/BK,0,24000.0,LON/BRI
S3068 BR2 FRAME,30110784,2,NV/YE,1,22000.0,BR2
S3068 BR2 FRAME,30110784,3,BK/NE,0,22000.0,BR2
S3068 BR2 FRAME,30110784,5,BK/TA,0,22000.0,BR2
S3068 BR2 FRAME,30110784,6,MI/BU,0,22000.0,BR2
S3068 BR2 FRAME,30110784,7,TA/NE,0,22000.0,BR2
S1957 BRI ZIP WALLET,30110785,1,BLK,0,40000.0,BRI
S1957 BRI ZIP WALLET,30110785,2,NEW,6,40000.0,BRI
S1957 BRI ZIP WALLET,30110785,3,HAV,5,40000.0,BRI
S1957 BRI ZIP WALLET,30110785,4,RED,6,40000.0,BRI
S1957 BRI ZIP WALLET,30110785,5,GRN,0,40000.0,BRI
S1957 BRI ZIP WALLET,30110785,6,NVY,0,40000.0,BRI
S0668 BR2 FRAME,30110787,10,MI/BU,0,3500.0,BR2
S3165 LONDON CALF FRAME,30110790,1,BLK,0,38000.0,LON
S3165 LONDON CALF FRAME,30110790,2,TAU,0,38000.0,LON
S7412 BR2 2020HL,30110802,1,MA/YE,0,19000.0,BR2
S1975 BR2 2020HL,30110803,2,BK/LG,0,36000.0,BR2
S9692 BR2 2020HL,30110804,1,MA/YE,0,20000.0,BR2
S0668 BR2 2020HL,30110805,3,ES/NE,2,3500.0,BR2
S7660 REGENT SALE,30110807,1,HA/KG,0,39000.0,REGENT
S1957 BRITISH COUNTRY FRAME,30110809,1,TAN,17,40000.0,BRITISH COUNTRY
S1957 BRITISH COUNTRY FRAME,30110809,2,BLK,0,40000.0,BRITISH COUNTRY
S9697L LON/BRI FRAME2,30110813,2,NA/YE,1,45000.0,LON/BRI
S3165 BRITISH COUNTRY CALF,30110816,1,TAN,0,34000.0,BRITISH COUNTRY
S1957 BR2 FRAME,30110817,1,BK/NE,0,40000.0,BR2
S1957 BR2 FRAME,30110817,2,TA/NE,0,40000.0,BR2
S5761 HORWEEN CORDOVAN SALE,30110818,1,BROWN,0,28000.0,CORDOVAN
S5761 HORWEEN CORDOVAN SALE,30110818,2,BLACK,0,28000.0,CORDOVAN
S9697L BRI SALE,30110820,1,NEW,7,52000.0,BRI
S9697L BRI SALE,30110820,2,HAV,8,52000.0,BRI
S9697L BRI SALE,30110820,4,RED,7,52000.0,BRI
S9697L BRI SALE,30110820,5,GRN,1,52000.0,BRI
S9697L BRI SALE,30110820,6,NVY,12,52000.0,BRI
S9697L BRI SALE,30110820,7,ANT,13,52000.0,BRI
S7532 BR2 NC/COIN  FRAME,30110822,4,TA/NE,0,42000.0,BR2
S7532 BR2 NC/COIN  FRAME,30110822,6,NV/BU,0,42000.0,BR2
S7660 BR2 FRAME,30110823,6,TA/NE,0,46000.0,BR2
S7660 BR2 FRAME,30110823,9,NV/BU,0,46000.0,BR2
S7412 LON/BRI GR STOCK,30110824,1,NV/RE,0,22000.0,LON/BRI
S7412 LON/BRI GR STOCK,30110824,2,BR/NV,4,22000.0,LON/BRI
S7412 LON/BRI GR STOCK,30110824,3,BK/ES,0,22000.0,LON/BRI
S7532 LON/BRI GR STOCK,30110825,1,NV/RE,14,45000.0,LON/BRI
S7532 LON/BRI GR STOCK,30110825,2,BR/NV,12,45000.0,LON/BRI
S7532 LON/BRI GR STOCK,30110825,3,BK/ES,0,45000.0,LON/BRI
S3227 BR2 FRAME,30110827,2,NV/YE,0,20000.0,BR2
S3227 BR2 FRAME,30110827,4,NV/BU,0,20000.0,BR2
S9736 LONDON CALF FRAME,30110828,1,BK/BK,0,20000.0,LON
S2622 BR2 FRAME,30110829,1,MA/GY,0,58000.0,BR2
S2622 BR2 FRAME,30110829,3,NV/YE,0,58000.0,BR2
S2622 BR2 FRAME,30110829,4,MI/BU,0,58000.0,BR2
S2622 BR2 FRAME,30110829,5,TA/NE,0,58000.0,BR2
S2622 BR2 FRAME,30110829,6,BK/TA,0,58000.0,BR2
S3227 LONDON CALF FRAME,30110831,1,BK/BK,0,23000.0,LON
S3227 LONDON CALF FRAME,30110831,2,TA/TA,2,23000.0,LON
S3251 LONDON CALF FRAME,30110834,1,BLK,0,23000.0,LON
S3251 LONDON CALF FRAME,30110834,2,TAU,0,23000.0,LON
S3271 GASTON CC w/ ZIPCOIN,30110837,2,TAN,0,26000.0,GASTON
S3285 BR CHRISTMAS DECORATIONS,30110839,1,ASSORTED,0,4000.0,その他
S2624 LONDON CALF FRAME,30110850,1,BLK,0,26000.0,LON
S2624 LONDON CALF FRAME,30110850,2,TAU,16,26000.0,LON
S3250 BR2 FRAME,30110853,1,NV/YE,0,28000.0,BR2
S3250 BR2 FRAME,30110853,2,BK/NE,0,28000.0,BR2
S3273 BRI KEYCOVER,30110854,1,APR,4,7000.0,BRI
S3273 BRI KEYCOVER,30110854,2,YEL,7,7000.0,BRI
S3273 BRI KEYCOVER,30110854,3,FAWN,8,7000.0,BRI
S3253 LON/BRI FRAME,30110856,1,BK/BK,0,34000.0,LON/BRI
S3253 LON/BRI FRAME,30110856,2,BK/MI,0,34000.0,LON/BRI
S3253 LON/BRI FRAME,30110856,3,BK/BU,0,34000.0,LON/BRI
S3253 LON/BRI FRAME,30110856,4,TA/TA,0,34000.0,LON/BRI
S3253 LON/BRI FRAME,30110856,5,BK/NE,0,34000.0,LON/BRI
S3290 BRI SQUARE KEY COVER,30110857,1,AVO,5,7000.0,BRI
S3290 BRI SQUARE KEY COVER,30110857,2,PET,2,7000.0,BRI
S3290 BRI SQUARE KEY COVER,30110857,3,ESP,6,7000.0,BRI
S3276 BRI FRAME,30110858,1,BLK,0,30000.0,BRI
S3276 BRI FRAME,30110858,2,MIDNIGHT,0,30000.0,BRI
S3276 BRI FRAME,30110858,3,KHAKI,0,30000.0,BRI
S3276 BRI FRAME,30110858,4,ESP,0,30000.0,BRI
S3276 BRI FRAME,30110858,5,BUR,0,30000.0,BRI
S3276 BR2 FRAME,30110859,1,BK/TA,0,30000.0,BR2
S3276 BR2 FRAME,30110859,2,MI/TA,4,30000.0,BR2
S3276 BR2 FRAME,30110859,3,KH/TA,0,30000.0,BR2
S3276 BR2 FRAME,30110859,4,ES/TA,5,30000.0,BR2
S3276 BR2 FRAME,30110859,5,BU/TA,6,30000.0,BR2
S3276 LON/BRI FRAME,30110861,1,BK/MI,0,32000.0,LON/BRI
S3276 LON/BRI FRAME,30110861,2,BK/BU,0,32000.0,LON/BRI
S3276 LON/BRI FRAME,30110861,3,BK/BK,0,32000.0,LON/BRI
S3276 LON/BRI FRAME,30110861,4,TA/TA,0,32000.0,LON/BRI
S3276 LON/BRI FRAME,30110861,5,BK/NE,0,32000.0,LON/BRI
S3276 LON/BRI FRAME,30110861,6,TA/AV,0,32000.0,LON/BRI
S3253 BR2 FRAME,30110862,1,BK/TA,0,32000.0,BR2
S3253 BR2 FRAME,30110862,2,MI/TA,0,32000.0,BR2
S3253 BR2 FRAME,30110862,4,ES/TA,0,32000.0,BR2
S3253 BR2 FRAME,30110862,5,BU/TA,0,32000.0,BR2
S0668 BR2 FRAME,30110863,1,BK/TA,0,3500.0,BR2
S0668 BR2 FRAME,30110863,2,MI/TA,0,3500.0,BR2
S0668 BR2 FRAME,30110863,3,KH/TA,0,3500.0,BR2
S0668 BR2 FRAME,30110863,4,ES/TA,0,3500.0,BR2
S0668 BR2 FRAME,30110863,5,BU/TA,0,3500.0,BR2
S3274 BR2 FRAME,30110864,1,TA/NE,1,19000.0,BR2
S3253 VIN BR2 FRAME,30110865,1,NATURAL,0,38000.0,VIN BR
S3253 VIN BR2 FRAME,30110865,2,CO/NT,0,38000.0,VIN BR
S3253 VIN BR2 FRAME,30110865,3,OL/NT,0,38000.0,VIN BR
S3253 VIN BR2 FRAME,30110865,4,NV/NT,0,38000.0,VIN BR
S3276 VIN BR2 FRAME,30110866,1,NAT,0,36000.0,VIN BR
S3276 VIN BR2 FRAME,30110866,2,CO/NT,0,36000.0,VIN BR
S3276 VIN BR2 FRAME,30110866,3,OL/NT,1,36000.0,VIN BR
S3276 VIN BR2 FRAME,30110866,4,NV/NT,0,36000.0,VIN BR
S3262 LON/BRI FRAME,30110868,2,BK/KH,0,26000.0,LON/BRI
S3262 LON/BRI FRAME,30110868,3,D.BR/NV,1,26000.0,LON/BRI
S3263 LON/BRI FRAME,30110869,1,BK/BK,0,34000.0,LON/BRI
S3263 LON/BRI FRAME,30110869,2,BK/KH,0,34000.0,LON/BRI
S3263 LON/BRI FRAME,30110869,3,DB/NV,0,34000.0,LON/BRI
S3276 BR2 FRAME,30110870,1,MI/BU,0,30000.0,BR2
S3276 BR2 FRAME,30110870,2,TA/NE,0,30000.0,BR2
S3165 BR2 FRAME,30110871,1,MI/BU,0,34000.0,BR2
S3165 BR2 FRAME,30110871,2,BK/TA,0,34000.0,BR2
S3165 BR2 FRAME,30110871,3,TA/NE,0,34000.0,BR2
S1957 BRITISH COUNTRY 2TONE FR,30110872,1,BK/TA,0,40000.0,BRITISH COUNTRY
S3250 LON/BRI FRAME,30110874,1,BK/BK,0,30000.0,LON/BRI
S3288 LONDON FRAME,30110876,2,DK.BRN,0,20000.0,LON
S7412 BRI NAME CARD FRAME,30110877,1,MID,0,19000.0,BRI
S7412 BRI NAME CARD FRAME,30110877,2,DKH,0,19000.0,BRI
S7412 BRI NAME CARD FRAME,30110877,3,ESP,0,19000.0,BRI
S7412 BRI NAME CARD FRAME,30110877,4,BUR,0,19000.0,BRI
S7412 BRI NAME CARD FRAME,30110877,5,MAR,24,19000.0,BRI
S9692 BRI FRAME,30110878,1,MID,0,20000.0,BRI
S9692 BRI FRAME,30110878,2,D.KH,0,20000.0,BRI
S9692 BRI FRAME,30110878,3,ESP,0,20000.0,BRI
S9692 BRI FRAME,30110878,4,BUR,0,20000.0,BRI
S3270 LONDON CALF FRAME,30110879,1,BK/BK,0,52000.0,LON
S3270 LONDON CALF FRAME,30110879,2,TA/TA,0,52000.0,LON
S1751 LONDON CALF FRAME,30110880,2,TA/TA,0,25000.0,LON
S8772 LON/BRI FRAME,30110881,1,BK/BK,0,36000.0,LON/BRI
S8772 LON/BRI FRAME,30110881,2,TA/TA,0,36000.0,LON/BRI
S3273 LON/BRI KEY COVER,30110882,1,BK/PE,5,7000.0,LON/BRI
S3273 LON/BRI KEY COVER,30110882,2,TA/EM,9,7000.0,LON/BRI
S3273 LON/BRI KEY COVER,30110882,3,TA/B.OR,6,7000.0,LON/BRI
S3227 VIN BR2 FRAME,30110883,1,NA/NT,0,24000.0,VIN BR
S3227 VIN BR2 FRAME,30110883,2,CO/NT,0,24000.0,VIN BR
S3227 VIN BR2 FRAME,30110883,3,OL/NT,0,24000.0,VIN BR
S3227 VIN BR2 FRAME,30110883,4,NAT,0,24000.0,VIN BR
S5938 LON/BRI FRAME,30110884,1,BK/BK,0,20000.0,LON/BRI
S5938 LON/BRI FRAME,30110884,2,TA/TA,1,20000.0,LON/BRI
S3291 LON/BRI FRAME,30110885,1,BK/NE,0,34000.0,LON/BRI
S3291 LON/BRI FRAME,30110885,2,TA/AV,0,34000.0,LON/BRI
S2624 LON/BRI FRAME,30110886,1,BK/NE,0,25000.0,LON/BRI
S2624 LON/BRI FRAME,30110886,2,TA/AV,0,25000.0,LON/BRI
S3262 ST.JAMES/GASTON FRAME,30110887,1,BK/TA,0,25000.0,GASTON
S3263 ST.JAMES/GASTON FRAME,30110888,1,BK/TA,0,33000.0,GASTON
S5634 LON/BRI SHOELIFT,30110889,1,BK/PU,0,10000.0,LON/BRI
S5634 LON/BRI SHOELIFT,30110889,2,TA/YE,0,10000.0,LON/BRI
S5634 LON/BRI SHOELIFT,30110889,3,TA/BU,0,10000.0,LON/BRI
S3227 BRI FRAME,30110890,1,BLK,0,20000.0,BRI
S3291 LONDON CALF FRAME,30110891,1,BLK,0,36000.0,LON
S3291 LONDON CALF FRAME,30110891,2,TAU,0,36000.0,LON
S3303 LON2 LEATHER TRAY,30110892,1,BK/TA,2,22000.0,LON
S3303 LON2 LEATHER TRAY,30110892,2,TA/NV,6,22000.0,LON
S3303 LON2 LEATHER TRAY,30110892,3,TA/DBR,3,22000.0,LON
S3293 LON AIR TAG COVER,30110893,2,TAU,1,6000.0,LON
S3293 LON AIR TAG COVER,30110893,3,D.BRN,5,6000.0,LON
S3291 BRITISH COUNTRY FRAME,30110894,2,TAN,0,32000.0,BRITISH COUNTRY
S3161 GASTON 3F WALLET,30110895,1,IGR,0,16000.0,GASTON
S3161 GASTON 3F WALLET,30110895,2,TAN,0,16000.0,GASTON
S2624 BRITISH COUNTRY FRAME,30110896,1,TAN,0,23000.0,BRITISH COUNTRY
S3291 BRI FRAME,30110898,3,BLK,0,32000.0,BRI
S3292 BRI PENTAGON TOP,30110899,1,PURPLE,3,7000.0,BRI
S3292 BRI PENTAGON TOP,30110899,2,TAUPE,1,7000.0,BRI
S3292 BRI PENTAGON TOP,30110899,3,AQUA,5,7000.0,BRI
S3011 GASTON L.SPECTACLE CASE,30110901,1,ICE GREY,0,18000.0,GASTON
S3161 ST.JAMES 3F WALLET,30110902,1,BLK,0,18000.0,ST.JAMES
S3313 ST.JAMES CARDCASE,30110903,1,BLK,0,17000.0,ST.JAMES
S9829 SHRUNKEN/BRIDLE,30110904,1,NV/EC,0,20000.0,SHRUNKEN
S9829 SHRUNKEN/BRIDLE,30110904,2,WI/EC,7,20000.0,SHRUNKEN
S9829 SHRUNKEN/BRIDLE,30110904,3,GY/EC,0,20000.0,SHRUNKEN
S3260 SHRUNKEN CALF ,30110905,1,WINE,0,16000.0,SHRUNKEN
S3259 SHRUNKEN CALF,30110907,1,WINE,0,14000.0,SHRUNKEN
S3312 SHRUNKEN CALF,30110908,1,WINE,0,19000.0,SHRUNKEN
S3227 BR2 2022HL FRAME,30110909,1,BK/YE,0,20000.0,BR2
S3227 BR2 2022HL FRAME,30110909,2,GR/NE,3,20000.0,BR2
S3227 BR2 2022HL FRAME,30110909,3,HA/OR,13,20000.0,BR2
S3314 ST.JAMES SEMI-CIRCULAR,30110912,1,BLK,0,14000.0,ST.JAMES
S3260 ST.JAMES POUCH,30110913,1,BLK,0,16000.0,ST.JAMES
S3259 ST.JAMES 19cm POUCH,30110914,1,BLK,0,14000.0,ST.JAMES
S9829 GASTON/BRIDLE,30110916,1,TA/FA,0,20000.0,GASTON
S9829 GASTON/BRIDLE,30110916,2,IC/AQ,17,20000.0,GASTON
S3312 ST.JAMES LARGE ZIP POUCH,30110917,1,BLK,0,19000.0,ST.JAMES
S1928 HAMPSTEAD COLLECTION,30110918,1,BLK,0,13000.0,HAMPSTEAD
S9829 HAMPSTEAD,30110919,1,BLK,0,20000.0,HAMPSTEAD
S7412 LON SALE,30110921,1,TAUPE,0,22000.0,LON
S1957 LON SALE ,30110922,1,TAUPE,0,44000.0,LON
S1957 BR2 SALE,30112102,1,BK/NE,0,40000.0,BR2
S1957 BR2 SALE,30112102,5,GR/NE,0,40000.0,BR2
S7660 BR2 2021HL,30112113,1,BK/KH,0,46000.0,BR2
S7660 BR2 2021HL,30112113,2,KH/ES,0,46000.0,BR2
S7660 BR2 2021HL,30112113,3,ES/MA,0,46000.0,BR2
S1975 BR2 2021HL,30112114,1,BK/KH,0,36000.0,BR2
S1975 BR2 2021HL,30112114,2,KH/ES,0,36000.0,BR2
S1975 BR2 2021HL,30112114,3,ES/MA,0,36000.0,BR2
S7412 BR2 2021HL,30112115,1,BK/KH,0,19000.0,BR2
S7412 BR2 2021HL,30112115,2,KH/ES,0,19000.0,BR2
S7412 BR2 2021HL,30112115,3,ES/MA,0,19000.0,BR2
S7532 BR2 2021HL,30112116,2,KH/ES,0,42000.0,BR2
S7532 BR2 2021HL,30112116,3,ES/MA,0,42000.0,BR2
S9692 BR2 2021HL,30112117,2,KH/ES,0,20000.0,BR2
S9692 BR2 2021HL,30112117,3,ES/MA,0,20000.0,BR2
S3068 BR2 2021HL,30112118,1,BK/KH,0,22000.0,BR2
S3068 BR2 2021HL,30112118,2,KH/ES,0,22000.0,BR2
S3068 BR2 2021HL,30112118,3,ES/MA,0,22000.0,BR2
S2622 LON/BRI GR STOCK,30113001,1,NV/RE,6,60000.0,LON/BRI
S2622 LON/BRI GR STOCK,30113001,2,BR/NV,4,60000.0,LON/BRI
S2622 LON/BRI GR STOCK,30113001,3,TA/HA,3,60000.0,LON/BRI
S2622 LON/BRI GR STOCK,30113001,4,BK/ES,0,60000.0,LON/BRI
S7660 LON/BRI GR STOCK,30113003,1,NV/RE,2,49000.0,LON/BRI
S7660 LON/BRI GR STOCK,30113003,2,BR/NV,0,49000.0,LON/BRI
S7660 LON/BRI GR STOCK,30113003,3,TA/HA,0,49000.0,LON/BRI
S7660 LON/BRI GR STOCK,30113003,4,BK/ES,0,49000.0,LON/BRI
S8772 LON/BRI GR STOCK,30113004,1,NV/RE,3,33000.0,LON/BRI
S8772 LON/BRI GR STOCK,30113004,2,BR/NV,5,33000.0,LON/BRI
S8772 LON/BRI GR STOCK,30113004,3,TA/HA,4,33000.0,LON/BRI
S9692 LON/BRI GR STOCK,30113005,1,NV/RE,11,22000.0,LON/BRI
S9692 LON/BRI GR STOCK,30113005,2,BR/NV,13,22000.0,LON/BRI
S9692 LON/BRI GR STOCK,30113005,3,TA/HA,8,22000.0,LON/BRI
S9692 LON/BRI GR STOCK,30113005,4,BK/ES,5,22000.0,LON/BRI
S5938 LON/BRI GR STOCK,30113006,1,NV/RE,2,20000.0,LON/BRI
S5938 LON/BRI GR STOCK,30113006,2,BR/NV,7,20000.0,LON/BRI
S5938 LON/BRI GR STOCK,30113006,3,TA/HA,7,20000.0,LON/BRI
S1751 LON/BRI GR STOCK,30113007,1,NV/RE,0,24000.0,LON/BRI
S1751 LON/BRI GR STOCK,30113007,2,BR/NV,0,24000.0,LON/BRI
S1751 LON/BRI GR STOCK,30113007,3,TA/HA,0,24000.0,LON/BRI
S1751 LON/BRI GR STOCK,30113007,4,BK/ES,0,24000.0,LON/BRI
S1958 DERBY NOTECASE,30113012,1,BK/TA,1,30000.0,DERBY
S1958 DERBY NOTECASE,30113012,2,BR/TA,2,30000.0,DERBY
S1958 DERBY NOTECASE,30113012,3,NA/TA,2,30000.0,DERBY
S1958 DERBY NOTECASE,30113012,4,NA/RE,0,30000.0,DERBY
S1931 DERBY ZIP CASE L,30113013,1,BLK,0,14000.0,DERBY
S1931 DERBY ZIP CASE L,30113013,2,BRN,0,14000.0,DERBY
S1931 DERBY ZIP CASE L,30113013,3,NVY,0,14000.0,DERBY
S9829 DERBY ZIP CASE M,30113014,1,BK/TA,4,19000.0,DERBY
S9829 DERBY ZIP CASE M,30113014,2,BR/TA,10,19000.0,DERBY
S9829 DERBY ZIP CASE M,30113014,3,NV/TA,10,19000.0,DERBY
S9829 DERBY ZIP CASE M,30113014,4,NV/RE,9,19000.0,DERBY
S1954 DERBY ZIP CASE S,30113015,1,BLK,0,10000.0,DERBY
S1954 DERBY ZIP CASE S,30113015,2,BRN,6,10000.0,DERBY
S1954 DERBY ZIP CASE S,30113015,3,NVY,1,10000.0,DERBY
S7660 REGENT BR2 3F PURSE,30114105,1,BK/NA,0,46000.0,REGENT
S7660 REGENT BR2 3F PURSE,30114105,2,NV/YE,0,46000.0,REGENT
S7660 REGENT BR2 3F PURSE,30114105,4,BK/BK,0,46000.0,REGENT
S7660 REGENT BR2 3F PURSE,30114105,5,NV/NV,0,46000.0,REGENT
S7532 REGENT BR2 NOTECASE,30114106,1,BK/NV,5,42000.0,REGENT
S7532 REGENT BR2 NOTECASE,30114106,2,NV/YE,0,42000.0,REGENT
S7532 REGENT BR2 NOTECASE,30114106,4,BK/BK,5,42000.0,REGENT
S7532 REGENT BR2 NOTECASE,30114106,5,NV/NV,5,42000.0,REGENT
S7412 REGENT BR2,30114107,1,BK/NV,0,19000.0,REGENT
S7412 REGENT BR2,30114107,2,NV/YE,0,19000.0,REGENT
S7412 REGENT BR2,30114107,4,BK/BK,0,19000.0,REGENT
S7412 REGENT BR2,30114107,5,NV/NV,0,19000.0,REGENT
S9692 REGENT BR2 KEYCASE,30114109,1,BK/NV,8,20000.0,REGENT
S9692 REGENT BR2 KEYCASE,30114109,2,NV/YE,0,20000.0,REGENT
S9692 REGENT BR2 KEYCASE,30114109,4,BK/BK,5,20000.0,REGENT
S9692 REGENT BR2 KEYCASE,30114109,5,NV/NV,8,20000.0,REGENT
S9084 REGENT BR2 COINCASE,30114110,1,BK/NA,11,19000.0,REGENT
S9084 REGENT BR2 COINCASE,30114110,2,NA/YE,7,19000.0,REGENT
S9084 REGENT BR2 COINCASE,30114110,4,BK/BK,10,19000.0,REGENT
S9084 REGENT BR2 COINCASE,30114110,5,NV/NV,9,19000.0,REGENT
S7532 LON/BRI FRAME,30114121,3,BK/BK,0,45000.0,LON/BRI
S7532 LON/BRI FRAME,30114121,8,TA/TA,0,45000.0,LON/BRI
S7660 BR2 2022HL,30114123,1,BK/YE,0,46000.0,BR2
S7660 BR2 2022HL,30114123,3,HA/OR,0,46000.0,BR2
S7532 BR2 2022HL,30114124,1,BK/YE,0,42000.0,BR2
S7532 BR2 2022HL,30114124,2,GR/NE,0,42000.0,BR2
S7532 BR2 2022HL,30114124,3,HA/OR,0,42000.0,BR2
S9692 BR2 2022HL,30114125,1,BK/YE,0,20000.0,BR2
S9692 BR2 2022HL,30114125,2,GR/NE,0,20000.0,BR2
S9692 BR2 2022HL,30114125,3,HA/OR,0,20000.0,BR2
S3068 BR2 2022HL,30114126,1,BK/YE,0,22000.0,BR2
S3068 BR2 2022HL,30114126,2,GR/NE,0,22000.0,BR2
S3068 BR2 2022HL,30114126,3,HA/OR,0,22000.0,BR2
S0668 BR2 2022HL,30114127,1,BK/YE,0,3500.0,BR2
S0668 BR2 2022HL,30114127,2,GR/NE,0,3500.0,BR2
S0668 BR2 2022HL,30114127,3,HA/OR,0,3500.0,BR2
S2622 BRI SALE,30115004,1,NEW,11,58000.0,BRI
S2622 BRI SALE,30115004,2,HAV,19,58000.0,BRI
S2622 BRI SALE,30115004,4,RED,5,58000.0,BRI
S2622 BRI SALE,30115004,5,GRN,6,58000.0,BRI
S2622 BRI SALE,30115004,6,NVY,5,58000.0,BRI
S2622 BRI SALE,30115004,7,ANT,0,58000.0,BRI
S1121 VIN BR 3FOLD W UA,30115009,1,BK/CO,1,40000.0,VIN BR
S9084 BRI COIN PURSE,30116005,1,NEW,5,19000.0,BRI
S9084 BRI COIN PURSE,30116005,2,HAV,6,19000.0,BRI
S9084 BRI COIN PURSE,30116005,3,BLK,0,19000.0,BRI
S9084 BRI COIN PURSE,30116005,4,RED,7,19000.0,BRI
S9084 BRI COIN PURSE,30116005,5,GRN,0,19000.0,BRI
S9084 BRI COIN PURSE,30116005,6,NAV,2,19000.0,BRI
S7660 REGENT BR2 2016HL,30116007,3,HA/KG,1,39000.0,REGENT
S9697 REGENT BR2 2016HL,30116009,3,HA/KG,0,42000.0,REGENT
S9697L REGENT BR2 L.WALLET,30117368,1,BK/NV,4,52000.0,REGENT
S9697L REGENT BR2 L.WALLET,30117368,2,NV/YE,5,52000.0,REGENT
S9697L REGENT BR2 L.WALLET,30117368,3,BK/BK,4,52000.0,REGENT
S9697L REGENT BR2 L.WALLET,30117368,4,NV/NV,3,52000.0,REGENT
S7660 BR2 3F PURSE,30118017,6,NV/YE *,0,46000.0,BR2
S7660 BR2 3F PURSE,30118033,1,BK/RE *,0,46000.0,BR2
S9608 BRI PEN CASE,30118067,7,ANT,2,,BRI
S9692 BRI KEY CASE ,30118087,1,NEW,7,20000.0,BRI
S9692 BRI KEY CASE ,30118087,2,HAV,1,20000.0,BRI
S9692 BRI KEY CASE ,30118087,3,BLK,0,20000.0,BRI
S9692 BRI KEY CASE ,30118087,4,RED,10,20000.0,BRI
S9692 BRI KEY CASE ,30118087,5,GRN,11,20000.0,BRI
S9692 BRI KEY CASE ,30118087,6,NVY,10,20000.0,BRI
S9692 BRI KEY CASE ,30118087,7,ANT,12,20000.0,BRI
S7532 VIN BRI NC/COIN,30118095,6,NVY,0,48000.0,VIN BR
S7532 VIN BRI NC/COIN,30118095,7,OLI,0,48000.0,VIN BR
S9736 BRI ID HOLDER,30118131,1,NEW,0,18000.0,BRI
S9736 BRI ID HOLDER,30118131,2,HAV,0,18000.0,BRI
S9736 BRI ID HOLDER,30118131,3,BLK,0,18000.0,BRI
S9736 BRI ID HOLDER,30118131,4,RED,12,18000.0,BRI
S9736 BRI ID HOLDER,30118131,5,GRN,0,18000.0,BRI
S9736 BRI ID HOLDER,30118131,6,NVY,0,18000.0,BRI
S9736 BRI ID HOLDER,30118131,7,ANT,0,18000.0,BRI
S2622 BR2 ZIP WALLET,30118267,11,BK/NE,8,58000.0,BR2
P2245 D/WRAP BRACELET ,30118332,4,RED,0,8000.0,その他
S1898 BR2 DOUBLE TRAIN/P CASE,30118474,5,GR/EC　阪急,2,19000.0,BR2
S1898 BR2 DOUBLE TRAIN/P CASE,30118474,7,G/G/T HANKYU2022,1,19000.0,BR2
S1902 BRI COIN CASE,30118487,2,NEW,4,8000.0,BRI
S1902 BRI COIN CASE,30118487,3,HAV,2,8000.0,BRI
S1902 BRI COIN CASE,30118487,4,BLK,4,8000.0,BRI
S1902 BRI COIN CASE,30118487,5,RED,5,8000.0,BRI
S1902 BRI COIN CASE,30118487,6,GRN,0,8000.0,BRI
S1902 BRI COIN CASE,30118487,7,NVY,0,8000.0,BRI
S9697L BR2 SUITWALLET,30118493,8,MA/GY HANKYU,1,52000.0,BR2
S0668 BRI KEY FOB FRAME,30118662,5,ESP,0,3500.0,BRI
S0668 BRI KEY FOB FRAME,30118662,7,MIDNIGHT,0,3500.0,BRI
S0668 BRI KEY FOB FRAME,30118662,8,KHA,0,3500.0,BRI
S1957 LONDON CALF FRAME,30118681,1,BLK,0,44000.0,LON
S1957 LONDON CALF FRAME,30118681,2,TAU,0,44000.0,LON
S9692 BR2 FRAME,30118713,1,NV/YE,0,20000.0,BR2
S9692 BR2 FRAME,30118713,3,BK/NE,0,20000.0,BR2
S9692 BR2 FRAME,30118713,11,NV/BU,0,20000.0,BR2
S7412 BR2 FRAME,30118714,1,NV/YE,0,19000.0,BR2
S1941 BR2 ZIP CARD CASE GLOBER,30118734,2,NV/YE 仕様違い,9,22000.0,BR2
S1957 LONDON 2TONE FRAME,30118760,1,BK/TA,0,44000.0,LON
S2624 LONDON 2TONE FRAME,30118761,1,BK/TA,0,26000.0,LON
S3250 BR2 KEYCASE w/ FLAP ZIPC,30118763,2,MA/LGY 阪急,1,28000.0,BR2
S3227 BR2 CARD COIN CASE,30118772,1,N/N/A HANKYU2022,2,20000.0,BR2
S3227 BR2 CARD COIN CASE,30118772,2,G/G/T HANKYU2022,4,20000.0,BR2
S9692 VIN BRI KEY CASE ,30118776,1,NVY,0,24000.0,VIN BR
WHC SALE 1000,30119143,1,-,0,1000.0,その他
WHC SALE 3000,30119144,1,-,-5,2945.0,その他
WHC SALE 5000,30119146,1,-,-27,4909.0,その他
WHC SALE 10000,30119147,1,-,-16,9818.0,その他
WHC SALE 15000,30119148,1,-,-4,14727.0,その他
S7532 BR2 HOLIDAYLINE SAMPLE,30119427,1,NV/YE,-1,48000.0,SAMPL
S2376 BRI UK ONLINE SAMPLE,30119470,1,NEW,0,,SAMPL
S2376 BRI UK ONLINE SAMPLE,30119470,3,RED,0,,SAMPL
S2376 BRI UK ONLINE SAMPLE,30119470,4,NV/RE,0,,SAMPL
S2376 BRI UK ONLINE SAMPLE,30119470,5,HA/TA,0,,SAMPL
S2377 BRI UK ONLINE SAMPLE,30119471,1,NEW,0,,SAMPL
S2377 BRI UK ONLINE SAMPLE,30119471,2,BLK,0,,SAMPL
S2377 BRI UK ONLINE SAMPLE,30119471,3,RED,0,,SAMPL
S2377 BRI UK ONLINE SAMPLE,30119471,4,NV/RE,0,,SAMPL
S2377 BRI UK ONLINE SAMPLE,30119471,5,HA/TA,0,,SAMPL
S9692 BRI UK ONLINE SAMPLE,30119472,1,NEW,0,,SAMPL
S9692 BRI UK ONLINE SAMPLE,30119472,3,RED,0,,SAMPL
S9692 BRI UK ONLINE SAMPLE,30119472,5,HA/TA,0,,SAMPL
S1112 BRI UK ONLINE SAMPLE,30119473,1,NEW,0,,SAMPL
S1112 BRI UK ONLINE SAMPLE,30119473,2,BLK,0,,SAMPL
S1112 BRI UK ONLINE SAMPLE,30119473,3,RED,0,,SAMPL
S1112 BRI UK ONLINE SAMPLE,30119473,4,NV/RE,0,,SAMPL
S1112 BRI UK ONLINE SAMPLE,30119473,5,HA/TA,0,,SAMPL
S1112 BRI UK ONLINE SAMPLE,30119473,6,NVY,0,,SAMPL
S8819 BRI UK ONLINE SAMPLE,30119474,1,NEW,0,,SAMPL
S8819 BRI UK ONLINE SAMPLE,30119474,2,BLK,0,,SAMPL
S8819 BRI UK ONLINE SAMPLE,30119474,3,RED,0,,SAMPL
S8819 BRI UK ONLINE SAMPLE,30119474,4,NV/RE,0,,SAMPL
S8819 BRI UK ONLINE SAMPLE,30119474,5,HA/TA,0,,SAMPL
S2622 BRI UK ONLINE SAMPLE,30119475,1,NEW,0,,SAMPL
S2622 BRI UK ONLINE SAMPLE,30119475,2,BLK,0,,SAMPL
S2622 BRI UK ONLINE SAMPLE,30119475,3,RED,0,,SAMPL
S2622 BRI UK ONLINE SAMPLE,30119475,4,NV/RE,0,,SAMPL
S2622 BRI UK ONLINE SAMPLE,30119475,5,HA/TA,0,,SAMPL
S3291 LON/BRI SAMPLE,30119905,1,BK/BK,0,,SAMPL
S3304 LONDON FR SAMPLE,30119918,1,BLK,0,,SAMPL
S3308 LON SAMPLE FRAME,30119919,1,BLK,0,,SAMPL
S3302 LON SAMPLE FRAME,30119920,1,BLK,0,,SAMPL
S3307 LON SAMPLE FRAME,30119921,1,BLK,0,,SAMPL
L8115 CAN 16 BOSTON,30120009,7,RO/BK,2,62000.0,その他
L8948 CAN BRIEF,30120016,1,TA/NE,0,78000.0,BRI
L8948 CAN BRIEF,30120016,2,NA/HA,0,78000.0,BRI
L8948 CAN BRIEF,30120016,7,RO/BK,1,78000.0,BRI
L8948 CAN BRIEF,30120016,8,GY/BK,0,78000.0,BRI
L9505 BRI TOP-F BRIFCASE,30120067,1,NEW,2,165000.0,BRI
L9505 BRI TOP-F BRIFCASE,30120067,2,HAV,0,165000.0,BRI
L9892 BRI BRIFCASE,30120087,1,NEW,2,110000.0,BRI
L9892 BRI BRIFCASE,30120087,2,HAV,0,110000.0,BRI
"L8095 CAN BRI 20"" BOSTON",30120099,3,RO/BK,2,70000.0,BRI
L9892 BR MULTI UA GINZA,30128041,1,HA MULTI,1,95000.0,その他
L3238 BRITISH COUNTRY/BR SAMPL,30129034,1,TA/NE,0,,SAMPL
B8665 28mm SELF LINE,30130022,1,BLK NKL,0,19000.0,その他
B8665 28mm SELF LINE,30130022,5,HAV NKL,2,19000.0,その他
B8665 28mm SELF LINE,30130022,6,NEW NKL,28,19000.0,その他
P1127 32mm PLAITED B,30130043,1,BLK,0,20000.0,PLAITED
P1127 32mm PLAITED B,30130043,3,NEW,2,20000.0,PLAITED
P1127 32mm PLAITED B,30130043,4,RED,0,20000.0,PLAITED
P1127 32mm PLAITED B,30130043,6,NVY,0,20000.0,PLAITED
P1127 32mm PLAITED B,30130043,7,DK.BRN,0,20000.0,PLAITED
P2274 28mm PLAITED BELT,30130091,1,NEW,0,19000.0,PLAITED
P2274 28mm PLAITED BELT,30130091,2,BLK,0,19000.0,PLAITED
P2274 28mm PLAITED BELT,30130091,3,NVY,0,19000.0,PLAITED
P2274 28mm PLAITED BELT,30130091,4,DK.BRN,0,19000.0,PLAITED
B2351 VIN BRI FR,30130096,1,CONKER,1,24000.0,VIN BR
B2376 BRI 25mm 3LAYERD BELT,30130100,1,BLACK,0,17000.0,BRI
B2376 BRI 25mm 3LAYERD BELT,30130100,2,ESPRESSO,19,17000.0,BRI
B2376 BRI 25mm 3LAYERD BELT,30130100,3,NAVY,19,17000.0,BRI
B2311 LONDON CALF FRAME,30130108,1,BLACK,0,24000.0,LON
B2311 FIX 28mm DRESS FRAME,30133007,1,BLACK,0,20000.0,その他
B2311 FIX 28mm DRESS FRAME,30133007,2,MAHOGANY,55,20000.0,その他
B1859 FIX LEATHER DRESS BELT,30134108,1,MAHOGANY,11,20000.0,FIX LEATHER
B1859 FIX LEATHER DRESS BELT,30134108,2,BLACK,0,20000.0,FIX LEATHER
B2331 REGENT BRIDLE FR,30135005,1,BLACK,0,19000.0,REGENT
B2331 REGENT BRIDLE FR,30135005,2,HAVANA,11,19000.0,REGENT
B2153 BRI 28mm BELT,30137002,2,HAV,0,14000.0,BRI
B2153 BRI 28mm BELT,30137002,3,BLK,0,14000.0,BRI
B2365 30mm webbing + D rings,30137004,1,RED/HAV,0,9000.0,その他
B2323 30mm WEBBING,30137005,1,OLI/TAU/HAV,2,14000.0,WEBBING
B2323 30mm WEBBING,30137005,3,BLK/OLI/BLK,5,14000.0,WEBBING
S9169 BRI BACKED BRUSH,30150012,1,NEW,18,6000.0,BRI
BRIDLE FOOD FT009,30900003,1,-,2,2500.0,BRI
LEATHER BALM FT007,30900004,1,-,12,2500.0,LEATHER BALM
BRIDLE FOOD FT009/,30900019,1,-,0,2500.0,BRI
